TLD,original word,word with vowels removed
bg,garbage,grbg
bm,album,lbm
br,chamber,chmbr
br,fiber,fbr
br,labor,lbr
br,member,mmbr
br,neighbor,nghbr
br,number,nmbr
br,rubber,rbbr
br,remember,rmmbr
br,timber,tmbr
bs,database,dtbs
bt,combat,cmbt
bt,contribute,cntrbt
bt,debate,dbt
bt,debt,dbt
bt,doubt,dbt
bt,doubt,dbt
bt,debate,dbt
bt,debut,dbt
bt,distribute,dstrbt
bt,habit,hbt
bt,prohibit,prhbt
bt,rabbit,rbbt
bt,orbit,rbt
bt,robot,rbt
bt,attribute,ttrbt
bt,exhibit,xhbt
bt,exhibit,xhbt
bw,elbow,lbw
by,baby,bby
by,lobby,lbby
by,nearby,nrby
by,nearby,nrby
by,thereby,thrby
cc,tobacco,tbcc
cd,balanced,blncd
cd,concede,cncd
cd,convinced,cnvncd
cd,decide,dcd
cd,decade,dcd
cd,advanced,dvncd
cd,proceed,prcd
cd,succeed,sccd
cd,suicide,scd
cd,exceed,xcd
cd,experienced,xprncd
ch,Dutch,Dtch
ch,French,Frnch
ch,French,Frnch
ch,beach,bch
ch,bunch,bnch
ch,bench,bnch
ch,branch,brnch
ch,coach,cch
ch,coach,cch
ch,couch,cch
ch,church,chrch
ch,catch,ctch
ch,catch,ctch
ch,headache,hdch
ch,lunch,lnch
ch,launch,lnch
ch,launch,lnch
ch,much,mch
ch,much,mch
ch,march,mrch
ch,match,mtch
ch,match,mtch
ch,punch,pnch
ch,approach,pprch
ch,approach,pprch
ch,porch,prch
ch,preach,prch
ch,pitch,ptch
ch,patch,ptch
ch,pitch,ptch
ch,reach,rch
ch,rich,rch
ch,reach,rch
ch,ranch,rnch
ch,research,rsrch
ch,research,rsrch
ch,such,sch
ch,such,sch
ch,scratch,scrtch
ch,sandwich,sndwch
ch,speech,spch
ch,search,srch
ch,search,srch
ch,stomach,stmch
ch,stretch,strtch
ch,stretch,strtch
ch,switch,swtch
ch,switch,swtch
ch,teach,tch
ch,touch,tch
ch,touch,tch
ch,attach,ttch
ch,which,whch
ch,watch,wtch
ch,watch,wtch
cl,bicycle,bcycl
cl,biological,blgcl
cl,obstacle,bstcl
cl,chemical,chmcl
cl,chemical,chmcl
cl,ecological,clgcl
cl,clinical,clncl
cl,classical,clsscl
cl,commercial,cmmrcl
cl,council,cncl
cl,cancel,cncl
cl,circle,crcl
cl,crucial,crcl
cl,circle,crcl
cl,critical,crtcl
cl,cycle,cycl
cl,ideological,dlgcl
cl,identical,dntcl
cl,official,ffcl
cl,official,ffcl
cl,financial,fnncl
cl,fiscal,fscl
cl,historical,hstrcl
cl,judicial,jdcl
cl,local,lcl
cl,electrical,lctrcl
cl,logical,lgcl
cl,mechanical,mchncl
cl,medical,mdcl
cl,molecule,mlcl
cl,miracle,mrcl
cl,muscle,mscl
cl,musical,mscl
cl,uncle,ncl
cl,philosophical,phlsphcl
cl,physical,physcl
cl,political,pltcl
cl,pencil,pncl
cl,practical,prctcl
cl,particle,prtcl
cl,protocol,prtcl
cl,psychological,psychlgcl
cl,racial,rcl
cl,radical,rdcl
cl,article,rtcl
cl,artificial,rtfcl
cl,social,scl
cl,scale,scl
cl,special,spcl
cl,statistical,sttstcl
cl,technical,tchncl
cl,technological,tchnlgcl
cl,ethical,thcl
cl,theological,thlgcl
cl,theoretical,thrtcl
cl,tropical,trpcl
cl,typical,typcl
cl,vocal,vcl
cl,vehicle,vhcl
cl,vertical,vrtcl
cm,become,bcm
cm,income,ncm
cm,outcome,tcm
cm,vacuum,vcm
cm,overcome,vrcm
cm,welcome,wlcm
cm,welcome,wlcm
cn,Mexican,Mxcn
cn,Republican,Rpblcn
cn,cocaine,ccn
cn,African,frcn
cn,hurricane,hrrcn
cn,medicine,mdcn
cn,American,mrcn
cn,American,mrcn
cn,musician,mscn
cn,physician,physcn
cn,politician,pltcn
cn,republican,rpblcn
cn,scene,scn
cn,scan,scn
cn,suspicion,sspcn
cn,technician,tchncn
cn,vaccine,vccn
cr,occur,ccr
cr,cancer,cncr
cr,dancer,dncr
cr,officer,ffcr
cr,producer,prdcr
cr,soccer,sccr
cr,score,scr
cr,score,scr
cr,secure,scr
cr,scare,scr
cr,secure,scr
crs,decrease,dcrs
crs,discourse,dscrs
crs,increase,ncrs
crs,increase,ncrs
cv,conceive,cncv
cv,perceive,prcv
cv,receive,rcv
cz,criticize,crtcz
dm,freedom,frdm
dm,kingdom,kngdm
dm,medium,mdm
dm,medium,mdm
dm,random,rndm
dm,sodium,sdm
dm,seldom,sldm
dm,stadium,stdm
dm,wisdom,wsdm
fly,briefly,brfly
fly,butterfly,bttrfly
fly,safely,sfly
fr,before,bfr
fr,before,bfr
fr,before,bfr
fr,differ,dffr
fr,offer,ffr
fr,affair,ffr
fr,offer,ffr
fr,unfair,nfr
fr,interfere,ntrfr
fr,prefer,prfr
fr,refer,rfr
fr,suffer,sffr
fr,therefore,thrfr
fr,transfer,trnsfr
fr,transfer,trnsfr
fr,welfare,wlfr
gd,alleged,llgd
gg,language,lngg
gg,mortgage,mrtgg
gg,engage,ngg
gh,dough,dgh
gh,high,hgh
gh,high,hgh
gh,laugh,lgh
gh,laugh,lgh
gh,although,lthgh
gh,enough,ngh
gh,enough,ngh
gh,rough,rgh
gh,sigh,sgh
gh,tough,tgh
gh,though,thgh
gh,though,thgh
gh,thigh,thgh
gh,through,thrgh
gh,through,thrgh
gh,weigh,wgh
gl,fragile,frgl
gl,jungle,jngl
gl,legal,lgl
gl,illegal,llgl
gl,angle,ngl
gl,angel,ngl
gl,single,sngl
gl,struggle,strggl
gl,struggle,strggl
gm,regime,rgm
gn,begin,bgn
gn,campaign,cmpgn
gn,design,dsgn
gn,design,dsgn
gn,foreign,frgn
gn,imagine,mgn
gn,margin,mrgn
gn,engine,ngn
gn,region,rgn
gn,origin,rgn
gn,organ,rgn
gn,regain,rgn
gn,religion,rlgn
gn,resign,rsgn
gn,sign,sgn
gn,sign,sgn
gn,surgeon,srgn
gn,assign,ssgn
gn,wagon,wgn
gn,oxygen,xygn
gr,degree,dgr
gr,danger,dngr
gr,disagree,dsgr
gr,figure,fgr
gr,figure,fgr
gr,finger,fngr
gr,hunger,hngr
gr,manager,mngr
gr,anger,ngr
gr,passenger,pssngr
gr,sugar,sgr
gr,singer,sngr
gr,stranger,strngr
gr,teenager,tngr
gr,trigger,trggr
gs,religious,rlgs
gs,earnings,rnngs
gt,budget,bdgt
gt,forget,frgt
gt,investigate,nvstgt
gt,target,trgt
gt,target,trgt
gy,biology,blgy
gy,ideology,dlgy
gy,energy,nrgy
gy,apology,plgy
gy,psychology,psychlgy
gy,strategy,strtgy
gy,technology,tchnlgy
gy,theology,thlgy
hk,cheek,chk
hk,shake,shk
hm,rhythm,rhythm
hm,scheme,schm
hm,shame,shm
hm,them,thm
hm,theme,thm
hm,whom,whm
hn,chain,chn
hn,chin,chn
hn,fashion,fshn
hn,kitchen,ktchn
hn,machine,mchn
hn,phone,phn
hn,shine,shn
hn,strengthen,strngthn
hn,than,thn
hn,then,thn
hn,than,thn
hn,thin,thn
hn,telephone,tlphn
hn,when,whn
hn,when,whn
hn,within,wthn
hn,within,wthn
hr,brother,brthr
hr,bother,bthr
hr,chair,chr
hr,cheer,chr
hr,father,fthr
hr,feather,fthr
hr,grandfather,grndfthr
hr,grandmother,grndmthr
hr,gather,gthr
hr,elsewhere,lswhr
hr,altogether,ltgthr
hr,leather,lthr
hr,mother,mthr
hr,metaphor,mtphr
hr,another,nthr
hr,neither,nthr
hr,another,nthr
hr,neither,nthr
hr,nowhere,nwhr
hr,anywhere,nywhr
hr,publisher,pblshr
hr,photographer,phtgrphr
hr,pitcher,ptchr
hr,researcher,rsrchr
hr,rather,rthr
hr,rather,rthr
hr,rather,rthr
hr,share,shr
hr,share,shr
hr,shore,shr
hr,sheer,shr
hr,somewhere,smwhr
hr,sphere,sphr
hr,teacher,tchr
hr,together,tgthr
hr,their,thr
hr,there,thr
hr,other,thr
hr,there,thr
hr,three,thr
hr,either,thr
hr,author,thr
hr,other,thr
hr,either,thr
hr,other,thr
hr,atmosphere,tmsphr
hr,everywhere,vrywhr
hr,wheelchair,whlchr
hr,where,whr
hr,where,whr
hr,whether,whthr
hr,weather,wthr
ht,bright,brght
ht,cheat,cht
ht,delight,dlght
ht,fight,fght
ht,fight,fght
ht,flight,flght
ht,eight,ght
ht,ought,ght
ht,highlight,hghlght
ht,height,hght
ht,light,lght
ht,light,lght
ht,light,lght
ht,light,lght
ht,midnight,mdnght
ht,might,mght
ht,night,nght
ht,insight,nsght
ht,photo,pht
ht,right,rght
ht,right,rght
ht,right,rght
ht,sight,sght
ht,shoot,sht
ht,shot,sht
ht,shut,sht
ht,sheet,sht
ht,shout,sht
ht,shit,sht
ht,slight,slght
ht,somewhat,smwht
ht,sunlight,snlght
ht,straight,strght
ht,straight,strght
ht,tight,tght
ht,tight,tght
ht,thought,thght
ht,throughout,thrght
ht,that,tht
ht,that,tht
ht,that,tht
ht,tonight,tnght
ht,overnight,vrnght
ht,weight,wght
ht,what,wht
ht,white,wht
ht,white,wht
ht,wheat,wht
ht,without,wtht
kg,package,pckg
kn,broken,brkn
kn,chicken,chckn
kn,skin,skn
kn,weaken,wkn
kp,makeup,mkp
kp,pickup,pckp
kp,skip,skp
kr,banker,bnkr
kr,broker,brkr
kr,lawmaker,lwmkr
kr,maker,mkr
kr,marker,mrkr
kr,speaker,spkr
kr,worker,wrkr
ky,hockey,hcky
ky,lucky,lcky
ky,monkey,mnky
ky,risky,rsky
ky,sky,sky
ky,turkey,trky
lb,bulb,blb
lb,club,clb
lb,globe,glb
lc,Catholic,Cthlc
lc,Catholic,Cthlc
lc,garlic,grlc
lc,marketplace,mrktplc
lc,public,pblc
lc,public,pblc
lc,public,pblc
lc,place,plc
lc,police,plc
lc,place,plc
lc,palace,plc
lc,republic,rpblc
lc,replace,rplc
lc,slice,slc
lc,slice,slc
lc,symbolic,symblc
lc,workplace,wrkplc
lk,bulk,blk
lk,folk,flk
lk,milk,mlk
lk,unlike,nlk
lk,unlike,nlk
lk,sidewalk,sdwlk
lk,silk,slk
lk,talk,tlk
lk,talk,tlk
lk,overlook,vrlk
lk,walk,wlk
lk,walk,wlk
lr,collar,cllr
lr,clear,clr
lr,color,clr
lr,clear,clr
lr,color,clr
lr,counselor,cnslr
lr,declare,dclr
lr,dealer,dlr
lr,floor,flr
lr,failure,flr
lr,flour,flr
lr,familiar,fmlr
lr,killer,kllr
lr,nuclear,nclr
lr,popular,pplr
lr,particular,prtclr
lr,particular,prtclr
lr,regular,rglr
lr,retailer,rtlr
lr,scholar,schlr
lr,secular,sclr
lr,seller,sllr
lr,solar,slr
lr,similar,smlr
lr,spectacular,spctclr
lr,supplier,spplr
lr,trailer,trlr
lr,traveler,trvlr
lr,explore,xplr
ls,close,cls
ls,close,cls
ls,close,cls
ls,disclose,dscls
ls,false,fls
ls,impulse,mpls
ls,please,pls
ls,plus,pls
ls,please,pls
ls,pulse,pls
ls,ridiculous,rdcls
ls,release,rls
ls,release,rls
ls,sales,sls
ls,stimulus,stmls
lt,bullet,bllt
lt,ballot,bllt
lt,belt,blt
lt,bolt,blt
lt,absolute,bslt
lt,chocolate,chclt
lt,calculate,clclt
lt,complete,cmplt
lt,complete,cmplt
lt,consult,cnslt
lt,contemplate,cntmplt
lt,difficult,dffclt
lt,adult,dlt
lt,flat,flt
lt,fault,flt
lt,float,flt
lt,fleet,flt
lt,guilt,glt
lt,melt,mlt
lt,manipulate,mnplt
lt,plate,plt
lt,pilot,plt
lt,plot,plt
lt,regulate,rglt
lt,relate,rlt
lt,result,rslt
lt,result,rslt
lt,articulate,rtclt
lt,salt,slt
lt,isolate,slt
lt,slot,slt
lt,speculate,spclt
lt,split,splt
lt,assault,sslt
lt,satellite,stllt
lt,stimulate,stmlt
lt,athlete,thlt
lt,toilet,tlt
lt,outlet,tlt
lt,translate,trnslt
lt,evaluate,vlt
lt,violate,vlt
lt,exploit,xplt
lv,believe,blv
lv,dissolve,dsslv
lv,glove,glv
lv,involve,nvlv
lv,relieve,rlv
lv,resolve,rslv
lv,solve,slv
lv,slave,slv
lv,sleeve,slv
lv,twelve,twlv
lv,evolve,vlv
ly,badly,bdly
ly,belly,blly
ly,briefly,brfly
ly,barely,brly
ly,basically,bsclly
ly,absolutely,bsltly
ly,butterfly,bttrfly
ly,obviously,bvsly
ly,accurately,ccrtly
ly,occasionally,ccsnlly
ly,clearly,clrly
ly,closely,clsly
ly,clay,cly
ly,commonly,cmmnly
ly,completely,cmpltly
ly,comply,cmply
ly,economically,cnmclly
ly,considerably,cnsdrbly
ly,consequently,cnsqntly
ly,consistently,cnsstntly
ly,constantly,cnstntly
ly,carefully,crflly
ly,correctly,crrctly
ly,currently,crrntly
ly,certainly,crtnly
ly,costly,cstly
ly,actually,ctlly
ly,actively,ctvly
ly,deadly,ddly
ly,differently,dffrntly
ly,definitely,dfntly
ly,deliberately,dlbrtly
ly,daily,dly
ly,delay,dly
ly,delay,dly
ly,daily,dly
ly,deeply,dply
ly,deploy,dply
ly,directly,drctly
ly,dramatically,drmtclly
ly,display,dsply
ly,display,dsply
ly,desperately,dsprtly
ly,officially,ffclly
ly,effectively,ffctvly
ly,fully,flly
ly,fly,fly
ly,fly,fly
ly,family,fmly
ly,finally,fnlly
ly,fairly,frly
ly,freely,frly
ly,firmly,frmly
ly,formerly,frmrly
ly,friendly,frndly
ly,frankly,frnkly
ly,frequently,frqntly
ly,fortunately,frtntly
ly,ugly,gly
ly,generally,gnrlly
ly,gently,gntly
ly,gradually,grdlly
ly,greatly,grtly
ly,highly,hghly
ly,holy,hly
ly,honestly,hnstly
ly,hopefully,hpflly
ly,happily,hpply
ly,hardly,hrdly
ly,historically,hstrclly
ly,heavily,hvly
ly,elderly,ldrly
ly,lightly,lghtly
ly,legally,lglly
ly,likely,lkly
ly,likely,lkly
ly,allegedly,llgdly
ly,ally,lly
ly,alley,lly
ly,lonely,lnly
ly,largely,lrgly
ly,lately,ltly
ly,ultimately,ltmtly
ly,literally,ltrlly
ly,lovely,lvly
ly,immediately,mmdtly
ly,mainly,mnly
ly,monthly,mnthly
ly,mentally,mntlly
ly,employee,mply
ly,employ,mply
ly,imply,mply
ly,importantly,mprtntly
ly,merely,mrly
ly,mostly,mstly
ly,emotionally,mtnlly
ly,incredibly,ncrdbly
ly,increasingly,ncrsngly
ly,necessarily,ncssrly
ly,unfortunately,nfrtntly
ly,unlikely,nlkly
ly,only,nly
ly,only,nly
ly,annually,nnlly
ly,nearly,nrly
ly,normally,nrmlly
ly,instantly,nstntly
ly,initially,ntlly
ly,naturally,ntrlly
ly,entirely,ntrly
ly,inevitably,nvtbly
ly,newly,nwly
ly,publicly,pblcly
ly,physically,physclly
ly,politically,pltclly
ly,play,ply
ly,play,ply
ly,openly,pnly
ly,apply,pply
ly,apparently,pprntly
ly,approximately,pprxmtly
ly,probably,prbbly
ly,precisely,prcsly
ly,practically,prctclly
ly,perfectly,prfctly
ly,primarily,prmrly
ly,properly,prprly
ly,presumably,prsmbly
ly,personally,prsnlly
ly,particularly,prtclrly
ly,partially,prtlly
ly,partly,prtly
ly,previously,prvsly
ly,privately,prvtly
ly,possibly,pssbly
ly,potentially,ptntlly
ly,quickly,qckly
ly,equally,qlly
ly,quietly,qtly
ly,recently,rcntly
ly,readily,rdly
ly,roughly,rghly
ly,regularly,rglrly
ly,originally,rgnlly
ly,really,rlly
ly,rally,rlly
ly,relatively,rltvly
ly,early,rly
ly,early,rly
ly,rely,rly
ly,ironically,rnclly
ly,rapidly,rpdly
ly,reply,rply
ly,reportedly,rprtdly
ly,repeatedly,rptdly
ly,rarely,rrly
ly,respectively,rspctvly
ly,routinely,rtnly
ly,substantially,sbstntlly
ly,successfully,sccssflly
ly,socially,sclly
ly,suddenly,sddnly
ly,safely,sfly
ly,softly,sftly
ly,significantly,sgnfcntly
ly,sharply,shrply
ly,shortly,shrtly
ly,slightly,slghtly
ly,usually,slly
ly,silly,slly
ly,solely,slly
ly,slowly,slwly
ly,easily,sly
ly,similarly,smlrly
ly,simultaneously,smltnsly
ly,seemingly,smngly
ly,simply,smply
ly,specifically,spcfclly
ly,especially,spclly
ly,supply,spply
ly,supply,spply
ly,supposedly,sppsdly
ly,surely,srly
ly,surprisingly,srprsngly
ly,seriously,srsly
ly,assembly,ssmbly
ly,essentially,ssntlly
ly,steadily,stdly
ly,strictly,strctly
ly,strongly,strngly
ly,severely,svrly
ly,sexually,sxlly
ly,tightly,tghtly
ly,thoroughly,thrghly
ly,automatically,tmtclly
ly,traditionally,trdtnlly
ly,truly,trly
ly,terribly,trrbly
ly,totally,ttlly
ly,typically,typclly
ly,valley,vlly
ly,eventually,vntlly
ly,virtually,vrtlly
ly,widely,wdly
ly,weekly,wkly
ly,exclusively,xclsvly
ly,exactly,xctly
ly,extremely,xtrmly
mc,academic,cdmc
mc,economic,cnmc
mc,dynamic,dynmc
mc,epidemic,pdmc
mc,Islamic,slmc
md,armed,rmd
mg,damage,dmg
mg,damage,dmg
mk,smoke,smk
mk,smoke,smk
ml,female,fml
ml,female,fml
ml,formal,frml
ml,formula,frml
ml,minimal,mnml
ml,informal,nfrml
ml,animal,nml
ml,normal,nrml
ml,smile,sml
ml,smile,sml
mn,German,Grmn
mn,German,Grmn
mn,Roman,Rmn
mn,businessman,bsnssmn
mn,chairman,chrmn
mn,column,clmn
mn,common,cmmn
mn,condemn,cndmn
mn,domain,dmn
mn,damn,dmn
mn,determine,dtrmn
mn,freshman,frshmn
mn,fisherman,fshrmn
mn,gentleman,gntlmn
mn,human,hmn
mn,human,hmn
mn,hormone,hrmn
mn,lemon,lmn
mn,immune,mmn
mn,undermine,ndrmn
mn,nominee,nmn
mn,policeman,plcmn
mn,remain,rmn
mn,salmon,slmn
mn,someone,smn
mn,spokesman,spksmn
mn,vitamin,vtmn
mn,woman,wmn
mn,examine,xmn
mp,camp,cmp
mp,dump,dmp
mp,jump,jmp
mp,jump,jmp
mp,lamp,lmp
mp,pump,pmp
mp,pump,pmp
mp,shrimp,shrmp
mr,camera,cmr
mr,consumer,cnsmr
mr,customer,cstmr
mr,admire,dmr
mr,former,frmr
mr,farmer,frmr
mr,furthermore,frthrmr
mr,humor,hmr
mr,nightmare,nghtmr
mr,anymore,nymr
mr,performer,prfrmr
mr,rumor,rmr
mr,summer,smmr
mr,astronomer,strnmr
mr,tumor,tmr
ms,Christmas,Chrstms
ms,compromise,cmprms
ms,compromise,cmprms
ms,famous,fms
ms,anonymous,nnyms
ms,enormous,nrms
ms,promise,prms
ms,promise,prms
ms,premise,prms
ms,sometimes,smtms
ms,terms,trms
mt,climate,clmt
mt,commit,cmmt
mt,admit,dmt
mt,diplomat,dplmt
mt,format,frmt
mt,helmet,hlmt
mt,legitimate,lgtmt
mt,limit,lmt
mt,limit,lmt
mt,ultimate,ltmt
mt,inmate,nmt
mt,intimate,ntmt
mt,promote,prmt
mt,permit,prmt
mt,permit,prmt
mt,remote,rmt
mt,submit,sbmt
mt,summit,smmt
mt,estimate,stmt
mt,estimate,stmt
mt,teammate,tmmt
mt,tomato,tmt
mt,transmit,trnsmt
mv,remove,rmv
my,economy,cnmy
my,enemy,nmy
my,army,rmy
my,autonomy,tnmy
nc,Hispanic,Hspnc
nc,balance,blnc
nc,balance,blnc
nc,bounce,bnc
nc,absence,bsnc
nc,acceptance,ccptnc
nc,chance,chnc
nc,chronic,chrnc
nc,clinic,clnc
nc,compliance,cmplnc
nc,confidence,cnfdnc
nc,conference,cnfrnc
nc,conscience,cnscnc
nc,consequence,cnsqnc
nc,convince,cnvnc
nc,convenience,cnvnnc
nc,circumstance,crcmstnc
nc,difference,dffrnc
nc,audience,dnc
nc,dance,dnc
nc,dance,dnc
nc,distance,dstnc
nc,advance,dvnc
nc,advance,dvnc
nc,fence,fnc
nc,finance,fnnc
nc,finance,fnnc
nc,guidance,gdnc
nc,glance,glnc
nc,glance,glnc
nc,hence,hnc
nc,electronic,lctrnc
nc,alliance,llnc
nc,mechanic,mchnc
nc,maintenance,mntnnc
nc,importance,mprtnc
nc,independence,ndpndnc
nc,influence,nflnc
nc,influence,nflnc
nc,enhance,nhnc
nc,announce,nnnc
nc,insurance,nsrnc
nc,instance,nstnc
nc,intelligence,ntllgnc
nc,entrance,ntrnc
nc,panic,pnc
nc,appearance,pprnc
nc,performance,prfrmnc
nc,preference,prfrnc
nc,presence,prsnc
nc,province,prvnc
nc,patience,ptnc
nc,reference,rfrnc
nc,organic,rgnc
nc,romance,rmnc
nc,residence,rsdnc
nc,resistance,rsstnc
nc,substance,sbstnc
nc,science,scnc
nc,significance,sgnfcnc
nc,silence,slnc
nc,since,snc
nc,since,snc
nc,since,snc
nc,sentence,sntnc
nc,sequence,sqnc
nc,surveillance,srvllnc
nc,essence,ssnc
nc,assistance,ssstnc
nc,stance,stnc
nc,ethnic,thnc
nc,tolerance,tlrnc
nc,attendance,ttndnc
nc,evidence,vdnc
nc,violence,vlnc
nc,experience,xprnc
nc,experience,xprnc
nc,existence,xstnc
nf,knife,knf
ng,Thanksgiving,Thnksgvng
ng,beginning,bgnnng
ng,building,bldng
ng,belong,blng
ng,blessing,blssng
ng,bombing,bmbng
ng,being,bng
ng,banking,bnkng
ng,bring,brng
ng,boring,brng
ng,burning,brnng
ng,breathing,brthng
ng,accounting,ccntng
ng,according,ccrdng
ng,challenge,chllng
ng,challenge,chllng
ng,change,chng
ng,change,chng
ng,changing,chngng
ng,cooking,ckng
ng,ceiling,clng
ng,cling,clng
ng,clothing,clthng
ng,coming,cmng
ng,compelling,cmpllng
ng,concerning,cncrnng
ng,counseling,cnslng
ng,continuing,cntnng
ng,dancing,dncng
ng,dining,dnng
ng,depending,dpndng
ng,during,drng
ng,drinking,drnkng
ng,driving,drvng
ng,drawing,drwng
ng,disturbing,dstrbng
ng,developing,dvlpng
ng,advertising,dvrtsng
ng,devastating,dvsttng
ng,dying,dyng
ng,fucking,fckng
ng,offering,ffrng
ng,fighting,fghtng
ng,following,fllwng
ng,feeling,flng
ng,flying,flyng
ng,finding,fndng
ng,funding,fndng
ng,fascinating,fscntng
ng,fishing,fshng
ng,gang,gng
ng,growing,grwng
ng,gathering,gthrng
ng,hang,hng
ng,hunting,hntng
ng,hearing,hrng
ng,housing,hsng
ng,killing,kllng
ng,king,kng
ng,leading,ldng
ng,lighting,lghtng
ng,lightning,lghtnng
ng,landing,lndng
ng,long,lng
ng,long,lng
ng,along,lng
ng,along,lng
ng,long,lng
ng,lung,lng
ng,learning,lrnng
ng,living,lvng
ng,living,lvng
ng,manufacturing,mnfctrng
ng,among,mng
ng,manage,mng
ng,managing,mngng
ng,meaning,mnng
ng,emerging,mrgng
ng,marketing,mrktng
ng,morning,mrnng
ng,missing,mssng
ng,meeting,mtng
ng,amazing,mzng
ng,including,ncldng
ng,encouraging,ncrgng
ng,increasing,ncrsng
ng,underlying,ndrlyng
ng,understanding,ndrstndng
ng,neighboring,nghbrng
ng,ongoing,ngng
ng,engineering,ngnrng
ng,nothing,nthng
ng,interesting,ntrstng
ng,anything,nythng
ng,plunge,plng
ng,planning,plnnng
ng,opening,pnng
ng,painting,pntng
ng,processing,prcssng
ng,programming,prgrmmng
ng,parking,prkng
ng,promising,prmsng
ng,operating,prtng
ng,passing,pssng
ng,recording,rcrdng
ng,reading,rdng
ng,regarding,rgrdng
ng,rolling,rllng
ng,ruling,rlng
ng,remaining,rmnng
ng,range,rng
ng,ring,rng
ng,range,rng
ng,ring,rng
ng,orange,rng
ng,orange,rng
ng,running,rnnng
ng,running,rnnng
ng,reporting,rprtng
ng,arrange,rrng
ng,rating,rtng
ng,sibling,sblng
ng,screening,scrnng
ng,suffering,sffrng
ng,shopping,shppng
ng,shooting,shtng
ng,something,smthng
ng,song,sng
ng,sing,sng
ng,spending,spndng
ng,spring,sprng
ng,spring,sprng
ng,surprising,srprsng
ng,surrounding,srrndng
ng,serving,srvng
ng,standing,stndng
ng,striking,strkng
ng,strong,strng
ng,strange,strng
ng,string,strng
ng,starting,strtng
ng,setting,sttng
ng,saving,svng
ng,swimming,swmmng
ng,swing,swng
ng,swing,swng
ng,teaching,tchng
ng,thing,thng
ng,thinking,thnkng
ng,timing,tmng
ng,tongue,tng
ng,teenage,tng
ng,eating,tng
ng,trading,trdng
ng,training,trnng
ng,outstanding,tstndng
ng,testing,tstng
ng,evening,vnng
ng,overwhelming,vrwhlmng
ng,everything,vrythng
ng,voting,vtng
ng,wedding,wddng
ng,walking,wlkng
ng,willing,wllng
ng,wing,wng
ng,working,wrkng
ng,wrong,wrng
ng,wrong,wrng
ng,warning,wrnng
ng,writing,wrtng
ng,exchange,xchng
ng,exchange,xchng
ng,exciting,xctng
ng,existing,xstng
ng,young,yng
nl,occasional,ccsnl
nl,channel,chnnl
nl,colonial,clnl
nl,congressional,cngrssnl
nl,constitutional,cnstttnl
nl,conventional,cnvntnl
nl,criminal,crmnl
nl,criminal,crmnl
nl,educational,dctnl
nl,additional,ddtnl
nl,denial,dnl
nl,functional,fnctnl
nl,final,fnl
nl,final,fnl
nl,journal,jrnl
nl,kneel,knl
nl,manual,mnl
nl,emotional,mtnl
nl,annual,nnl
nl,instructional,nstrctnl
nl,institutional,nstttnl
nl,national,ntnl
nl,internal,ntrnl
nl,international,ntrntnl
nl,panel,pnl
nl,professional,prfssnl
nl,professional,prfssnl
nl,personal,prsnl
nl,personnel,prsnnl
nl,original,rgnl
nl,regional,rgnl
nl,organizational,rgnztnl
nl,rational,rtnl
nl,signal,sgnl
nl,signal,sgnl
nl,tunnel,tnnl
nl,traditional,trdtnl
nl,external,xtrnl
nr,commissioner,cmmssnr
nr,container,cntnr
nr,corner,crnr
nr,dinner,dnnr
nr,donor,dnr
nr,designer,dsgnr
nr,foreigner,frgnr
nr,ignore,gnr
nr,genre,gnr
nr,governor,gvrnr
nr,honor,hnr
nr,honor,hnr
nr,junior,jnr
nr,listener,lstnr
nr,manner,mnnr
nr,minor,mnr
nr,engineer,ngnr
nr,inner,nnr
nr,entrepreneur,ntrprnr
nr,planner,plnnr
nr,pioneer,pnr
nr,practitioner,prcttnr
nr,prisoner,prsnr
nr,partner,prtnr
nr,questionnaire,qstnnr
nr,runner,rnnr
nr,scenario,scnr
nr,seminar,smnr
nr,senior,snr
nr,senior,snr
nr,trainer,trnr
nr,winner,wnnr
nr,owner,wnr
nz,bronze,brnz
nz,recognize,rcgnz
nz,organize,rgnz
ph,photograph,phtgrph
ph,photograph,phtgrph
ph,triumph,trmph
pk,speak,spk
pl,compel,cmpl
pl,couple,cpl
pl,multiple,mltpl
pl,municipal,mncpl
pl,people,ppl
pl,appeal,ppl
pl,apple,ppl
pl,appeal,ppl
pl,principle,prncpl
pl,principal,prncpl
pl,principal,prncpl
pl,purple,prpl
pl,simple,smpl
pl,sample,smpl
pl,temple,tmpl
pl,example,xmpl
pn,champion,chmpn
pn,happen,hppn
pn,European,rpn
pn,European,rpn
pn,spin,spn
pn,spoon,spn
pn,spine,spn
pn,tablespoon,tblspn
pn,teaspoon,tspn
pn,weapon,wpn
pr,compare,cmpr
pr,disappear,dsppr
pr,developer,dvlpr
pr,empire,mpr
pr,inspire,nspr
pr,newspaper,nwsppr
pr,pepper,pppr
pr,appear,ppr
pr,paper,ppr
pr,upper,ppr
pr,prepare,prpr
pr,proper,prpr
pr,repair,rpr
pr,repair,rpr
pr,super,spr
pr,spare,spr
pr,whisper,whspr
ps,collapse,cllps
ps,collapse,cllps
ps,campus,cmps
ps,compose,cmps
ps,glimpse,glmps
ps,impose,mps
ps,oppose,pps
ps,perhaps,prhps
ps,purpose,prps
ps,propose,prps
ps,suppose,spps
ps,spouse,sps
ps,expose,xps
pt,accept,ccpt
pt,compete,cmpt
pt,concept,cncpt
pt,carpet,crpt
pt,adopt,dpt
pt,adapt,dpt
pt,despite,dspt
pt,dispute,dspt
pt,input,npt
pt,anticipate,ntcpt
pt,interrupt,ntrrpt
pt,prompt,prmpt
pt,participate,prtcpt
pt,repeat,rpt
pt,script,scrpt
pt,spot,spt
pt,spot,spt
pt,spite,spt
pt,spit,spt
pt,output,tpt
pt,attempt,ttmpt
pt,attempt,ttmpt
pt,except,xcpt
pt,except,xcpt
py,occupy,ccpy
py,copy,cpy
py,copy,cpy
py,happy,hppy
py,unhappy,nhppy
py,spy,spy
py,therapy,thrpy
rs,Mrs,Mrs
rs,comprise,cmprs
rs,course,crs
rs,course,crs
rs,curious,crs
rs,cruise,crs
rs,debris,dbrs
rs,decrease,dcrs
rs,dangerous,dngrs
rs,discourse,dscrs
rs,diverse,dvrs
rs,generous,gnrs
rs,headquarters,hdqrtrs
rs,horse,hrs
rs,hers,hrs
rs,mysterious,mystrs
rs,increase,ncrs
rs,increase,ncrs
rs,endorse,ndrs
rs,numerous,nmrs
rs,nurse,nrs
rs,enterprise,ntrprs
rs,universe,nvrs
rs,phrase,phrs
rs,pursue,prs
rs,praise,prs
rs,purse,prs
rs,praise,prs
rs,upstairs,pstrs
rs,reverse,rvrs
rs,surprise,srprs
rs,surprise,srprs
rs,series,srs
rs,serious,srs
rs,others,thrs
rs,various,vrs
rs,virus,vrs
rs,oversee,vrs
rs,whereas,whrs
rs,yours,yrs
rw,borrow,brrw
rw,crew,crw
rw,draw,drw
rw,grow,grw
rw,narrow,nrrw
rw,arrow,rrw
rw,screw,scrw
rw,straw,strw
rw,throw,thrw
rw,tomorrow,tmrrw
rw,withdraw,wthdrw
rw,eyebrow,ybrw
sc,basic,bsc
sc,classic,clssc
sc,disc,dsc
sc,music,msc
sc,rescue,rsc
sc,rescue,rsc
sd,beside,bsd
sd,closed,clsd
sd,depressed,dprssd
sd,alongside,lngsd
sd,embarrassed,mbrrssd
sd,increased,ncrsd
sd,inside,nsd
sd,inside,nsd
sd,inside,nsd
sd,pleased,plsd
sd,opposed,ppsd
sd,proposed,prpsd
sd,persuade,prsd
sd,episode,psd
sd,supposed,sppsd
sd,surprised,srprsd
sd,outside,tsd
sd,outside,tsd
sd,outside,tsd
sg,message,mssg
sg,passage,pssg
sh,British,Brtsh
sh,Jewish,Jwsh
sh,Spanish,Spnsh
sh,brush,brsh
sh,brush,brsh
sh,bush,bsh
sh,accomplish,ccmplsh
sh,crash,crsh
sh,crash,crsh
sh,crush,crsh
sh,cash,csh
sh,diminish,dmnsh
sh,dish,dsh
sh,distinguish,dstngsh
sh,flesh,flsh
sh,flash,flsh
sh,flash,flsh
sh,finish,fnsh
sh,finish,fnsh
sh,fresh,frsh
sh,fish,fsh
sh,fish,fsh
sh,harsh,hrsh
sh,English,nglsh
sh,English,nglsh
sh,publish,pblsh
sh,punish,pnsh
sh,parish,prsh
sh,push,psh
sh,rush,rsh
sh,Irish,rsh
sh,rush,rsh
sh,establish,stblsh
sh,trash,trsh
sh,vanish,vnsh
sh,wish,wsh
sh,wash,wsh
sh,wish,wsh
sk,desk,dsk
sk,disk,dsk
sk,mask,msk
sk,risk,rsk
sk,risk,rsk
sk,task,tsk
sl,counsel,cnsl
sl,controversial,cntrvrsl
sl,casual,csl
sl,missile,mssl
sl,unusual,nsl
sl,universal,nvrsl
sl,proposal,prpsl
sl,visual,vsl
sl,vessel,vssl
sm,consume,cnsm
sm,criticism,crtcsm
sm,handsome,hndsm
sm,journalism,jrnlsm
sm,mechanism,mchnsm
sm,museum,msm
sm,enthusiasm,nthssm
sm,racism,rcsm
sm,organism,rgnsm
sm,resume,rsm
sm,assume,ssm
sm,terrorism,trrrsm
sm,tourism,trsm
sn,Persian,Prsn
sn,Russian,Rssn
sn,Russian,Rssn
sn,occasion,ccsn
sn,commission,cmmssn
sn,comparison,cmprsn
sn,conclusion,cnclsn
sn,confusion,cnfsn
sn,confession,cnfssn
sn,conversion,cnvrsn
sn,cousin,csn
sn,casino,csn
sn,decision,dcsn
sn,dimension,dmnsn
sn,admission,dmssn
sn,depression,dprssn
sn,discussion,dscssn
sn,division,dvsn
sn,aggression,ggrssn
sn,illusion,llsn
sn,lesson,lssn
sn,mansion,mnsn
sn,impression,mprssn
sn,mission,mssn
sn,emission,mssn
sn,invasion,nvsn
sn,envision,nvsn
sn,pension,pnsn
sn,profession,prfssn
sn,permission,prmssn
sn,person,prsn
sn,prison,prsn
sn,provision,prvsn
sn,passion,pssn
sn,possession,pssssn
sn,recession,rcssn
sn,reason,rsn
sn,season,ssn
sn,session,sssn
sn,television,tlvsn
sn,tension,tnsn
sn,transmission,trnsmssn
sn,version,vrsn
sn,vision,vsn
sn,explosion,xplsn
sn,expansion,xpnsn
sn,expression,xprssn
sn,extension,xtnsn
sr,closer,clsr
sr,desire,dsr
sr,desire,dsr
sr,adviser,dvsr
sr,laser,lsr
sr,measure,msr
sr,measure,msr
sr,ensure,nsr
sr,pleasure,plsr
sr,processor,prcssr
sr,professor,prfssr
sr,pressure,prssr
sr,sensor,snsr
sr,sponsor,spnsr
sr,sponsor,spnsr
sr,supervisor,sprvsr
sr,assure,ssr
sr,treasure,trsr
sr,exposure,xpsr
st,blast,blst
st,broadcast,brdcst
st,broadcast,brdcst
st,breakfast,brkfst
st,breast,brst
st,burst,brst
st,best,bst
st,best,bst
st,boost,bst
st,beast,bst
st,boast,bst
st,chest,chst
st,columnist,clmnst
st,closest,clsst
st,closet,clst
st,economist,cnmst
st,consist,cnsst
st,contrast,cntrst
st,contest,cntst
st,cost,cst
st,cost,cst
st,cast,cst
st,coast,cst
st,cast,cst
st,activist,ctvst
st,adjust,djst
st,deposit,dpst
st,dust,dst
st,feminist,fmnst
st,first,frst
st,forest,frst
st,first,frst
st,fast,fst
st,fast,fst
st,fist,fst
st,ghost,ghst
st,against,gnst
st,greatest,grtst
st,guest,gst
st,honest,hnst
st,harvest,hrvst
st,harvest,hrvst
st,host,hst
st,host,hst
st,journalist,jrnlst
st,just,jst
st,just,jst
st,almost,lmst
st,last,lst
st,least,lst
st,list,lst
st,last,lst
st,list,lst
st,lost,lst
st,last,lst
st,lawsuit,lwst
st,modest,mdst
st,midst,mdst
st,most,mst
st,most,mst
st,must,mst
st,analyst,nlyst
st,northeast,nrthst
st,northwest,nrthwst
st,insist,nsst
st,nest,nst
st,interest,ntrst
st,invest,nvst
st,opposite,ppst
st,persist,prsst
st,priest,prst
st,pursuit,prst
st,protest,prtst
st,protest,prtst
st,past,pst
st,past,pst
st,past,pst
st,post,pst
st,upset,pst
st,past,pst
st,post,pst
st,upset,pst
st,pasta,pst
st,psychologist,psychlgst
st,quest,qst
st,request,rqst
st,request,rqst
st,arrest,rrst
st,arrest,rrst
st,resist,rsst
st,rest,rst
st,rest,rst
st,artist,rtst
st,scientist,scntst
st,suggest,sggst
st,specialist,spclst
st,assist,ssst
st,asset,sst
st,southeast,sthst
st,southwest,sthwst
st,therapist,thrpst
st,transit,trnst
st,terrorist,trrrst
st,terrorist,trrrst
st,trust,trst
st,trust,trst
st,tourist,trst
st,test,tst
st,test,tst
st,taste,tst
st,taste,tst
st,twist,twst
st,twist,twst
st,visit,vst
st,visit,vst
st,vast,vst
st,wrist,wrst
st,west,wst
st,waste,wst
st,waste,wst
st,waist,wst
st,exhaust,xhst
st,exist,xst
sv,comprehensive,cmprhnsv
sv,defensive,dfnsv
sv,offensive,ffnsv
sv,aggressive,ggrssv
sv,impressive,mprssv
sv,massive,mssv
sv,progressive,prgrssv
sv,exclusive,xclsv
sv,excessive,xcssv
sv,expensive,xpnsv
sv,extensive,xtnsv
sy,busy,bsy
sy,controversy,cntrvrsy
sy,fantasy,fntsy
sy,essay,ssy
sz,emphasize,mphsz
tc,characteristic,chrctrstc
tc,critic,crtc
tc,democratic,dmcrtc
tc,domestic,dmstc
tc,diplomatic,dplmtc
tc,dramatic,drmtc
tc,fantastic,fntstc
tc,genetic,gntc
tc,justice,jstc
tc,magnetic,mgntc
tc,notice,ntc
tc,notice,ntc
tc,plastic,plstc
tc,practice,prctc
tc,practice,prctc
tc,optimistic,ptmstc
tc,realistic,rlstc
tc,romantic,rmntc
tc,artistic,rtstc
tc,aesthetic,sthtc
tc,tactic,tctc
tc,athletic,thltc
tc,automatic,tmtc
tc,exotic,xtc
td,complicated,cmplctd
td,disappointed,dsppntd
td,gifted,gftd
td,limited,lmtd
td,magnitude,mgntd
td,unprecedented,nprcdntd
td,instead,nstd
td,instead,nstd
td,United,ntd
td,integrated,ntgrtd
td,interested,ntrstd
td,unexpected,nxpctd
td,related,rltd
td,selected,slctd
td,isolated,sltd
td,sophisticated,sphstctd
td,associated,ssctd
td,studio,std
td,estimated,stmtd
td,talented,tlntd
td,attitude,tttd
td,excited,xctd
td,expected,xpctd
tg,cottage,cttg
tg,advantage,dvntg
tg,fatigue,ftg
tg,heritage,hrtg
tg,hostage,hstg
tg,percentage,prcntg
tg,shortage,shrtg
tg,stage,stg
th,beneath,bnth
th,birth,brth
th,breath,brth
th,breathe,brth
th,both,bth
th,both,bth
th,bath,bth
th,booth,bth
th,cloth,clth
th,depth,dpth
th,death,dth
th,fifth,ffth
th,fourth,frth
th,forth,frth
th,faith,fth
th,eighth,ghth
th,growth,grwth
th,health,hlth
th,length,lngth
th,month,mnth
th,mouth,mth
th,math,mth
th,myth,myth
th,north,nrth
th,path,pth
th,earth,rth
th,smooth,smth
th,south,sth
th,strength,strngth
th,seventh,svnth
th,sixth,sxth
th,truth,trth
th,tooth,tth
th,twentieth,twntth
th,wealth,wlth
th,warmth,wrmth
th,worth,wrth
th,worth,wrth
th,with,wth
th,youth,yth
tk,mistake,mstk
tk,undertake,ndrtk
tk,stake,stk
tk,steak,stk
tl,brutal,brtl
tl,battle,bttl
tl,bottle,bttl
tl,battle,bttl
tl,capital,cptl
tl,crystal,crystl
tl,coastal,cstl
tl,actual,ctl
tl,cattle,cttl
tl,digital,dgtl
tl,detail,dtl
tl,developmental,dvlpmntl
tl,fundamental,fndmntl
tl,fatal,ftl
tl,gentle,gntl
tl,hospital,hsptl
tl,hostile,hstl
tl,hotel,htl
tl,little,lttl
tl,little,lttl
tl,little,lttl
tl,mental,mntl
tl,metal,mtl
tl,mutual,mtl
tl,influential,nflntl
tl,until,ntl
tl,until,ntl
tl,initial,ntl
tl,intellectual,ntllctl
tl,intellectual,ntllctl
tl,entitle,nttl
tl,environmental,nvrnmntl
tl,parental,prntl
tl,presidential,prsdntl
tl,partial,prtl
tl,pistol,pstl
tl,potential,ptntl
tl,potential,ptntl
tl,rental,rntl
tl,residential,rsdntl
tl,ritual,rtl
tl,retail,rtl
tl,substantial,sbstntl
tl,subtle,sbtl
tl,shuttle,shttl
tl,spiritual,sprtl
tl,essential,ssntl
tl,steal,stl
tl,steel,stl
tl,settle,sttl
tl,total,ttl
tl,title,ttl
tl,total,ttl
tl,virtual,vrtl
tl,vital,vtl
tl,experimental,xprmntl
tm,bottom,bttm
tm,bottom,bttm
tm,custom,cstm
tm,costume,cstm
tm,ecosystem,csystm
tm,lifetime,lftm
tm,longtime,lngtm
tm,momentum,mmntm
tm,meantime,mntm
tm,sometime,smtm
tm,stem,stm
tm,stem,stm
tm,steam,stm
tm,symptom,symptm
tm,system,systm
tm,victim,vctm
tn,Christian,Chrstn
tn,Christian,Chrstn
tn,Latin,Ltn
tn,objection,bjctn
tn,obligation,blgtn
tn,abortion,brtn
tn,observation,bsrvtn
tn,obtain,btn
tn,button,bttn
tn,occupation,ccptn
tn,accusation,ccstn
tn,celebration,clbrtn
tn,calculation,clcltn
tn,collaboration,cllbrtn
tn,collection,cllctn
tn,coalition,cltn
tn,combination,cmbntn
tn,communication,cmmnctn
tn,compensation,cmpnstn
tn,composition,cmpstn
tn,competition,cmpttn
tn,concentration,cncntrtn
tn,conception,cncptn
tn,condition,cndtn
tn,confrontation,cnfrnttn
tn,connection,cnnctn
tn,consideration,cnsdrtn
tn,consumption,cnsmptn
tn,conservation,cnsrvtn
tn,construction,cnstrctn
tn,constitution,cnstttn
tn,continue,cntn
tn,contain,cntn
tn,contribution,cntrbtn
tn,conviction,cnvctn
tn,convention,cnvntn
tn,conversation,cnvrstn
tn,cooperation,cprtn
tn,captain,cptn
tn,acquisition,cqstn
tn,corporation,crprtn
tn,correlation,crrltn
tn,corruption,crrptn
tn,certain,crtn
tn,creation,crtn
tn,curtain,crtn
tn,cartoon,crtn
tn,action,ctn
tn,auction,ctn
tn,cotton,cttn
tn,civilization,cvlztn
tn,education,dctn
tn,addition,ddtn
tn,addition,ddtn
tn,definition,dfntn
tn,administration,dmnstrtn
tn,demonstration,dmnstrtn
tn,identification,dntfctn
tn,donation,dntn
tn,adoption,dptn
tn,direction,drctn
tn,discrimination,dscrmntn
tn,description,dscrptn
tn,distinction,dstnctn
tn,destination,dstntn
tn,distribution,dstrbtn
tn,destruction,dstrctn
tn,edition,dtn
tn,determination,dtrmntn
tn,fiction,fctn
tn,fifteen,fftn
tn,function,fnctn
tn,function,fnctn
tn,foundation,fndtn
tn,fraction,frctn
tn,formation,frmtn
tn,frustration,frstrtn
tn,fortune,frtn
tn,often,ftn
tn,generation,gnrtn
tn,graduation,grdtn
tn,jurisdiction,jrsdctn
tn,election,lctn
tn,location,lctn
tn,legislation,lgsltn
tn,allegation,llgtn
tn,limitation,lmttn
tn,listen,lstn
tn,ambition,mbtn
tn,medication,mdctn
tn,imagination,mgntn
tn,migration,mgrtn
tn,immigration,mmgrtn
tn,maintain,mntn
tn,mention,mntn
tn,mountain,mntn
tn,mention,mntn
tn,implication,mplctn
tn,implementation,mplmnttn
tn,motion,mtn
tn,emotion,mtn
tn,metropolitan,mtrpltn
tn,motivation,mtvtn
tn,uncertain,ncrtn
tn,indication,ndctn
tn,infection,nfctn
tn,inflation,nfltn
tn,information,nfrmtn
tn,negotiation,ngttn
tn,nomination,nmntn
tn,innovation,nnvtn
tn,inspection,nspctn
tn,inspiration,nsprtn
tn,installation,nstlltn
tn,instruction,nstrctn
tn,institution,nstttn
tn,integration,ntgrtn
tn,nation,ntn
tn,notion,ntn
tn,intention,ntntn
tn,interaction,ntrctn
tn,introduction,ntrdctn
tn,interpretation,ntrprttn
tn,intervention,ntrvntn
tn,invention,nvntn
tn,investigation,nvstgtn
tn,invitation,nvttn
tn,publication,pblctn
tn,pollution,plltn
tn,application,pplctn
tn,population,ppltn
tn,appreciation,pprctn
tn,opposition,ppstn
tn,perception,prcptn
tn,production,prdctn
tn,prediction,prdctn
tn,projection,prjctn
tn,promotion,prmtn
tn,preparation,prprtn
tn,proportion,prprtn
tn,prescription,prscrptn
tn,prosecution,prsctn
tn,presentation,prsnttn
tn,participation,prtcptn
tn,protection,prtctn
tn,operation,prtn
tn,portion,prtn
tn,protein,prtn
tn,prevention,prvntn
tn,position,pstn
tn,position,pstn
tn,option,ptn
tn,question,qstn
tn,question,qstn
tn,equation,qtn
tn,recognition,rcgntn
tn,recommendation,rcmmndtn
tn,reception,rcptn
tn,reaction,rctn
tn,reduction,rdctn
tn,radiation,rdtn
tn,reflection,rflctn
tn,regulation,rgltn
tn,organization,rgnztn
tn,rehabilitation,rhblttn
tn,relation,rltn
tn,orientation,rnttn
tn,representation,rprsnttn
tn,reputation,rpttn
tn,resolution,rsltn
tn,reservation,rsrvtn
tn,restriction,rstrctn
tn,routine,rtn
tn,retain,rtn
tn,revolution,rvltn
tn,revelation,rvltn
tn,section,sctn
tn,soften,sftn
tn,suggestion,sggstn
tn,selection,slctn
tn,solution,sltn
tn,isolation,sltn
tn,sanction,snctn
tn,sensation,snstn
tn,speculation,spcltn
tn,separation,sprtn
tn,association,ssctn
tn,assumption,ssmptn
tn,sustain,sstn
tn,stone,stn
tn,straighten,strghtn
tn,satisfaction,stsfctn
tn,situation,sttn
tn,station,sttn
tn,tighten,tghtn
tn,threaten,thrtn
tn,tradition,trdtn
tn,transaction,trnsctn
tn,transformation,trnsfrmtn
tn,translation,trnsltn
tn,transportation,trnsprttn
tn,transition,trnstn
tn,attention,ttntn
tn,attraction,ttrctn
tn,vacation,vctn
tn,evaluation,vltn
tn,violation,vltn
tn,evolution,vltn
tn,variation,vrtn
tn,written,wrttn
tn,exception,xcptn
tn,execution,xctn
tn,exhibition,xhbtn
tn,examination,xmntn
tn,expectation,xpcttn
tn,expedition,xpdtn
tn,explanation,xplntn
tn,exploration,xplrtn
tp,stop,stp
tp,step,stp
tp,step,stp
tp,stop,stp
tp,steep,stp
tt,butt,btt
tt,cigarette,cgrtt
tt,committee,cmmtt
tt,constitute,cnsttt
tt,dictate,dctt
tt,facilitate,fcltt
tt,habitat,hbtt
tt,hesitate,hstt
tt,negotiate,ngtt
tt,initiate,ntt
tt,potato,ptt
tt,state,stt
tt,state,stt
tt,estate,stt
tt,statue,stt
tt,statute,sttt
tv,objective,bjctv
tv,cognitive,cgntv
tv,collective,cllctv
tv,competitive,cmpttv
tv,consecutive,cnsctv
tv,conservative,cnsrvtv
tv,conservative,cnsrvtv
tv,cooperative,cprtv
tv,creative,crtv
tv,active,ctv
tv,administrative,dmnstrtv
tv,distinctive,dstnctv
tv,detective,dtctv
tv,effective,ffctv
tv,legislative,lgsltv
tv,alternative,ltrntv
tv,alternative,ltrntv
tv,motive,mtv
tv,incentive,ncntv
tv,negative,ngtv
tv,innovative,nnvtv
tv,narrative,nrrtv
tv,initiative,nttv
tv,native,ntv
tv,productive,prdctv
tv,perspective,prspctv
tv,protective,prtctv
tv,positive,pstv
tv,relative,rltv
tv,relative,rltv
tv,representative,rprsnttv
tv,representative,rprsnttv
tv,sensitive,snstv
tv,supportive,spprtv
tv,stove,stv
tv,attractive,ttrctv
tv,executive,xctv
vc,civic,cvc
vc,device,dvc
vc,advice,dvc
vc,service,srvc
vn,divine,dvn
vn,given,gvn
vn,heaven,hvn
vn,eleven,lvn
vn,revenue,rvn
vn,seven,svn
ws,likewise,lkws
ws,news,nws
ws,otherwise,thrws
